{
    "components": ["FE", "CR", "NI", "VA" ],
    "phases": ["FCC_A1","BCC_A2", "SIGMA"],
    "conditions": {
	"P": 101325,
	"T": [
			  973, 973, 973, 973, 973, 973,973, 973, 973, 973, 
			  973, 973, 973, 973, 973, 973, 973, 973, 973, 973, 973
	]
                  },
    "broadcast_conditions": false,
    "output": "ZPF",
    "values":   [
[["FCC_A1", ["FE","NI"], [0.706330319326588, 0.123244840336706]], ["SIGMA",["FE","NI"],[null, null]]],
[["FCC_A1", ["FE","NI"], [0.676735344527928, 0.150722327736036]], ["SIGMA",["FE","NI"],[null, null]]],
[["FCC_A1", ["FE","NI"], [0.645616165018607, 0.176341917490696]], ["SIGMA",["FE","NI"],[null, null]]],
[["FCC_A1", ["FE","NI"], [0.612002832346387, 0.208898583826806]], ["SIGMA",["FE","NI"],[null, null]]],
[["FCC_A1", ["FE","NI"], [0.575364184263614, 0.242087907868193]], ["SIGMA",["FE","NI"],[null, null]]],
[["FCC_A1", ["FE","NI"], [0.538229014949337, 0.270275492525332]], ["SIGMA",["FE","NI"],[null, null]]],
[["FCC_A1", ["FE","NI"], [0.494073266361714, 0.305033366819143]], ["SIGMA",["FE","NI"],[null, null]]],
[["FCC_A1", ["FE","NI"], [0.458947275984217, 0.330906362007891]], ["SIGMA",["FE","NI"],[null, null]]],
[["FCC_A1", ["FE","NI"], [0.418301817033268, 0.363909091483366]], ["SIGMA",["FE","NI"],[null, null]]],
[["FCC_A1", ["FE","NI"], [0.377102101823896, 0.389658949088052]], ["SIGMA",["FE","NI"],[null, null]]],

[["FCC_A1", ["FE","NI"], [0.373638000208758, 0.395860999895621]], ["BCC_A2",["FE","NI"],[null, null]]],
[["FCC_A1", ["FE","NI"], [0.353569304851727, 0.414205347574137]], ["BCC_A2",["FE","NI"],[null, null]]],
[["FCC_A1", ["FE","NI"], [0.332992541257809, 0.429303729371096]], ["BCC_A2",["FE","NI"],[null, null]]],
[["FCC_A1", ["FE","NI"], [0.307404377327324, 0.449967811336338]], ["BCC_A2",["FE","NI"],[null, null]]],
[["FCC_A1", ["FE","NI"], [0.288836792670186, 0.468871603664907]], ["BCC_A2",["FE","NI"],[null, null]]],
[["FCC_A1", ["FE","NI"], [0.237152396572331, 0.507833801713835]], ["BCC_A2",["FE","NI"],[null, null]]],
[["FCC_A1", ["FE","NI"], [0.188978290111148, 0.546360854944426]], ["BCC_A2",["FE","NI"],[null, null]]],
[["FCC_A1", ["FE","NI"], [0.122236598992828, 0.595911700503586]], ["BCC_A2",["FE","NI"],[null, null]]],
[["FCC_A1", ["FE","NI"], [0.0630351023901234, 0.636442448804938]], ["BCC_A2",["FE","NI"],[null, null]]],
[["FCC_A1", ["FE","NI"], [0.0299067439440226, 0.659566628027989]], ["BCC_A2",["FE","NI"],[null, null]]],
[["FCC_A1", ["FE","NI"], [0.000305024539517725, 0.676117487730241]], ["BCC_A2",["FE","NI"],[null, null]]]


    ],
	"reference": "Predicted, Wu et al.",
	"comment": "Figure 9."
}


