{
  "components": ["FE", "CO", "NI", "VA" ],
    "phases": ["BCC_A2", "FCC_A1"],
  "conditions": {
	  "P": [101325],
	    "T":
      [
		1073,	1073,	1073,	1073,	1073,	1073,	1073,	1073,	1073,	1073,	1073,	1073,	1073,	1073,	1073,
		1073,	1073,	1073,	1073,	1073,	1073,	1073,	1073,1073,	1073,	1073
      ]
  },
  "broadcast_conditions": false,
  "output": "ZPF",
  "values":
    [
 	    
	   
[["FCC_A1", ["FE","NI"], [0.916185595171633, 0.0578172024141833]], ["BCC_A2",["FE","NI"],[null, null]]],
[["FCC_A1", ["FE","NI"], [0.859616815796434, 0.079061592101783]], ["BCC_A2",["FE","NI"],[null, null]]],
[["FCC_A1", ["FE","NI"], [0.808590599005455, 0.100044700497273]], ["BCC_A2",["FE","NI"],[null, null]]],
[["FCC_A1", ["FE","NI"], [0.741525591736388, 0.124267204131806]], ["BCC_A2",["FE","NI"],[null, null]]],
[["FCC_A1", ["FE","NI"], [0.679702924911563, 0.145868537544219]], ["BCC_A2",["FE","NI"],[null, null]]],
[["FCC_A1", ["FE","NI"], [0.620512975314242, 0.163883512342879]], ["BCC_A2",["FE","NI"],[null, null]]],
[["FCC_A1", ["FE","NI"], [0.572107928745384, 0.176506035627308]], ["BCC_A2",["FE","NI"],[null, null]]],
[["FCC_A1", ["FE","NI"], [0.5184489947269, 0.17993550263655]], ["BCC_A2",["FE","NI"],[null, null]]],
[["FCC_A1", ["FE","NI"], [0.456637874907459, 0.180901062546271]], ["BCC_A2",["FE","NI"],[null, null]]],
[["FCC_A1", ["FE","NI"], [0.37586657224783, 0.186306713876085]], ["BCC_A2",["FE","NI"],[null, null]]],
[["FCC_A1", ["FE","NI"], [0.319297792872631, 0.152181103563685]], ["BCC_A2",["FE","NI"],[null, null]]],
[["FCC_A1", ["FE","NI"], [0.257486673053189, 0.117916663473405]], ["BCC_A2",["FE","NI"],[null, null]]],
[["FCC_A1", ["FE","NI"], [0.225409092097014, 0.0783454539514932]], ["BCC_A2",["FE","NI"],[null, null]]],
[["FCC_A1", ["FE","NI"], [0.198285176450485, 0.0478674117747574]], ["BCC_A2",["FE","NI"],[null, null]]],
[["FCC_A1", ["FE","NI"], [0.184879103199902, 0.0221104484000491]], ["BCC_A2",["FE","NI"],[null, null]]],


[["FCC_A1", ["FE","NI"], [null, null]], ["BCC_A2",["FE","NI"],[0.966542085650353, 0.0129989571748237]]],
[["FCC_A1", ["FE","NI"], [null, null]], ["BCC_A2",["FE","NI"],[0.944822168523439, 0.0160589157382806]]],
[["FCC_A1", ["FE","NI"], [null, null]], ["BCC_A2",["FE","NI"],[0.930342223772163, 0.0170088881139186]]],
[["FCC_A1", ["FE","NI"], [null, null]], ["BCC_A2",["FE","NI"],[0.908622306645249, 0.0185588466773753]]],
[["FCC_A1", ["FE","NI"], [null, null]], ["BCC_A2",["FE","NI"],[0.886890842512952, 0.018354578743524]]],
[["FCC_A1", ["FE","NI"], [null, null]], ["BCC_A2",["FE","NI"],[0.872410897761676, 0.019304551119162]]],
[["FCC_A1", ["FE","NI"], [null, null]], ["BCC_A2",["FE","NI"],[0.848658707687215, 0.0216106461563926]]],
[["FCC_A1", ["FE","NI"], [null, null]], ["BCC_A2",["FE","NI"],[0.830703114315417, 0.0212784428422912]]],
[["FCC_A1", ["FE","NI"], [null, null]], ["BCC_A2",["FE","NI"],[0.814190896616594, 0.0232445516917029]]],
[["FCC_A1", ["FE","NI"], [null, null]], ["BCC_A2",["FE","NI"],[0.790738928682112, 0.0254105356589443]]],
[["FCC_A1", ["FE","NI"], [null, null]], ["BCC_A2",["FE","NI"],[0.769007464549814, 0.028476267725093]]]
	   
 ],
    "reference": "Predicted, Wu et al.",
    "comment": "Digitizer"
}

