{
  "components": ["FE", "CO", "NI", "VA" ],
    "phases": ["BCC_A2", "FCC_A1"],
  "conditions": {
	  "P": [101325],
	    "T":
      [
			973,	973,	973,	973,	973,	973,	973,	973,	973,	973,	973,	973,	973,	973,	973,	973,	973,
			973,	973,	973,	973,	973,	973,	973,	973,	973,	973,	973,	973,	973,	973,	973,	973
      ]
  },
  "broadcast_conditions": false,
  "output": "ZPF",
  "values":
    [
 	    
	   
[["FCC_A1", ["FE","NI"], [0.171272110861231, 0.081752110861231]], ["BCC_A2",["FE","NI"],[null, null]]],
[["FCC_A1", ["FE","NI"], [0.197980350262876, 0.116820350262876]], ["BCC_A2",["FE","NI"],[null, null]]],
[["FCC_A1", ["FE","NI"], [0.210670051087526, 0.135550051087526]], ["BCC_A2",["FE","NI"],[null, null]]],
[["FCC_A1", ["FE","NI"], [0.227442076407484, 0.152322076407484]], ["BCC_A2",["FE","NI"],[null, null]]],
[["FCC_A1", ["FE","NI"], [0.240463828039703, 0.174183828039703]], ["BCC_A2",["FE","NI"],[null, null]]],
[["FCC_A1", ["FE","NI"], [0.269308705580555, 0.196988705580555]], ["BCC_A2",["FE","NI"],[null, null]]],
[["FCC_A1", ["FE","NI"], [0.323963494410606, 0.248843494410606]], ["BCC_A2",["FE","NI"],[null, null]]],
[["FCC_A1", ["FE","NI"], [0.360617402082668, 0.262257402082668]], ["BCC_A2",["FE","NI"],[null, null]]],
[["FCC_A1", ["FE","NI"], [0.392008687648282, 0.267608687648282]], ["BCC_A2",["FE","NI"],[null, null]]],
[["FCC_A1", ["FE","NI"], [0.443469568806271, 0.272589568806271]], ["BCC_A2",["FE","NI"],[null, null]]],
[["FCC_A1", ["FE","NI"], [0.487231425670764, 0.275431425670764]], ["BCC_A2",["FE","NI"],[null, null]]],
[["FCC_A1", ["FE","NI"], [0.531327173685846, 0.261427173685846]], ["BCC_A2",["FE","NI"],[null, null]]],
[["FCC_A1", ["FE","NI"], [0.603642051226698, 0.240762051226698]], ["BCC_A2",["FE","NI"],[null, null]]],
[["FCC_A1", ["FE","NI"], [0.665580546230398, 0.215300546230398]], ["BCC_A2",["FE","NI"],[null, null]]],
[["FCC_A1", ["FE","NI"], [0.713554983192256, 0.190754983192256]], ["BCC_A2",["FE","NI"],[null, null]]],
[["FCC_A1", ["FE","NI"], [0.787215529003525, 0.157035529003525]], ["BCC_A2",["FE","NI"],[null, null]]],
[["FCC_A1", ["FE","NI"], [0.855358020390088, 0.120578020390088]], ["BCC_A2",["FE","NI"],[null, null]]],


[["FCC_A1", ["FE","NI"], [null, null]], ["BCC_A2",["FE","NI"],[0.303881891430545, 0.0223618914305452]]],
[["FCC_A1", ["FE","NI"], [null, null]], ["BCC_A2",["FE","NI"],[0.325340896074145, 0.0294008960741452]]],
[["FCC_A1", ["FE","NI"], [null, null]], ["BCC_A2",["FE","NI"],[0.34968133665314, 0.0332813366531396]]],
[["FCC_A1", ["FE","NI"], [null, null]], ["BCC_A2",["FE","NI"],[0.360154928628378, 0.0377149286283777]]],
[["FCC_A1", ["FE","NI"], [null, null]], ["BCC_A2",["FE","NI"],[0.377940571411185, 0.0383005714111846]]],
[["FCC_A1", ["FE","NI"], [null, null]], ["BCC_A2",["FE","NI"],[0.407135113605317, 0.0442551136053169]]],
[["FCC_A1", ["FE","NI"], [null, null]], ["BCC_A2",["FE","NI"],[0.46192730581653, 0.0525673058165299]]],
[["FCC_A1", ["FE","NI"], [null, null]], ["BCC_A2",["FE","NI"],[0.492419797203093, 0.0537597972030932]]],
[["FCC_A1", ["FE","NI"], [null, null]], ["BCC_A2",["FE","NI"],[0.510404700231556, 0.0573447002315555]]],
[["FCC_A1", ["FE","NI"], [null, null]], ["BCC_A2",["FE","NI"],[0.561472834400926, 0.0563328344009258]]],
[["FCC_A1", ["FE","NI"], [null, null]], ["BCC_A2",["FE","NI"],[0.606313380212195, 0.0514333802121949]]],
[["FCC_A1", ["FE","NI"], [null, null]], ["BCC_A2",["FE","NI"],[0.690592060192834, 0.0571520601928343]]],
[["FCC_A1", ["FE","NI"], [null, null]], ["BCC_A2",["FE","NI"],[0.736347173685846, 0.056407173685846]]],
[["FCC_A1", ["FE","NI"], [null, null]], ["BCC_A2",["FE","NI"],[0.780354462868597, 0.0539344628685968]]],
[["FCC_A1", ["FE","NI"], [null, null]], ["BCC_A2",["FE","NI"],[0.852116189013205, 0.0471361890132052]]],
[["FCC_A1", ["FE","NI"], [null, null]], ["BCC_A2",["FE","NI"],[0.9137156342358, 0.0422556342357996]]]



	   
 ],
    "reference": "Predicted, Wu et al.",
    "comment": "Digitizer"
}

